,City,Cloudiness,Country,Date,Humidity,Lat,Lng,Max Temp,Wind Speed
0,Muros,40,ES,1574567295,93,42.77,-9.06,53.01,5.82
1,Codrington,33,AU,1574567297,37,-28.95,153.24,87.8,19.46
2,Provideniya,0,RU,1574567297,80,64.42,-173.23,3.16,5.41
3,Aquiraz,75,BR,1574567297,78,-3.9,-38.39,86.0,8.05
4,Sioux Lookout,90,CA,1574567298,86,50.1,-91.92,33.8,6.93
5,San Patricio,0,PY,1574567298,72,-26.98,-56.83,69.64,10.56
6,Umm Lajj,0,SA,1574567299,49,25.02,37.27,63.75,1.48
7,Leningradskiy,96,RU,1574567299,97,69.38,178.42,-6.2,16.44
8,Ovalle,0,CL,1574567300,92,-30.6,-71.2,48.81,0.78
9,Reus,0,ES,1574567300,54,41.16,1.11,55.0,23.04
10,Bose,90,IT,1574567301,100,45.46,8.01,52.0,13.87
11,Esperance,67,AU,1574567301,53,-33.86,121.89,71.6,13.87
12,Susanville,1,US,1574567302,78,40.42,-120.65,33.01,5.82
13,Punta Arenas,75,CL,1574567302,81,-53.16,-70.91,50.0,11.41
14,Bluff,0,AU,1574567302,25,-23.58,149.07,90.82,11.05
15,Kapaa,90,US,1574567227,74,22.08,-159.32,86.0,21.92
16,Dikson,100,RU,1574567303,94,73.51,80.55,-0.11,14.5
17,Saint-Joseph,75,FR,1574567304,87,43.56,6.97,53.6,6.93
18,Busselton,100,AU,1574567305,29,-33.64,115.35,80.01,9.15
19,Rikitea,80,PF,1574567305,65,-23.12,-134.97,71.91,7.54
20,Farafangana,31,MG,1574567305,65,-22.82,47.83,76.06,10.96
21,Poli,3,CM,1574567306,37,8.48,13.24,72.52,1.97
22,Saint-Philippe,1,CA,1574567307,69,45.36,-73.48,33.8,4.7
23,Yellowknife,90,CA,1574567307,92,62.45,-114.38,17.6,11.41
24,Mataura,90,NZ,1574567308,63,-46.19,168.86,59.0,23.0
25,Padang,100,ID,1574567308,91,-0.92,100.36,70.97,2.44
26,Ponta Do Sol,100,BR,1574567308,90,-20.63,-46.0,67.35,0.85
27,Lavrentiya,23,RU,1574567309,79,65.58,-170.99,10.11,17.47
28,Conde,24,BR,1574567085,81,-11.81,-37.61,79.02,20.18
29,Porto Novo,75,BR,1574567310,88,-23.68,-45.44,66.2,2.24
30,Victoria,75,BN,1574567185,70,5.28,115.24,86.0,2.24
31,Ahipara,3,NZ,1574567311,63,-35.17,173.16,79.0,22.12
32,Diu,0,IN,1574567311,63,20.71,70.98,80.19,16.26
33,Hobyo,84,SO,1574567312,81,5.35,48.53,78.8,16.15
34,Barrow,0,AR,1574567312,63,-38.31,-60.23,52.25,15.01
35,Kloulklubed,75,PW,1574567313,66,7.04,134.26,87.8,5.82
36,Hithadhoo,24,MV,1574567313,80,-0.6,73.08,82.74,14.81
37,Lorengau,57,PG,1574567314,74,-2.02,147.27,82.89,13.22
38,Huarmey,100,PE,1574567314,80,-10.07,-78.15,63.01,2.39
39,Mar Del Plata,100,AR,1574567315,56,-46.43,-67.52,65.37,6.31
40,Albany,1,US,1574567147,86,42.65,-73.75,36.0,5.82
41,Coihaique,79,CL,1574567315,71,-45.58,-72.07,55.4,8.05
42,Hermanus,0,ZA,1574567316,83,-34.42,19.24,60.01,3.0
43,Hobart,75,AU,1574567102,30,-42.88,147.33,71.01,14.99
44,Richards Bay,100,ZA,1574567317,92,-28.77,32.06,73.58,26.06
45,Port Shepstone,90,ZA,1574567318,95,-30.74,30.45,66.52,4.41
46,Morondava,33,MG,1574567318,73,-20.3,44.28,78.39,1.41
47,Kruisfontein,15,ZA,1574567318,88,-34.0,24.73,54.84,4.23
48,Springbok,0,ZA,1574567271,73,-29.67,17.88,43.27,1.77
49,Semirom,14,IR,1574567320,49,31.41,51.57,21.52,2.51
50,Airai,0,TL,1574567320,29,-8.93,125.41,88.0,7.96
51,Luderitz,0,NA,1574567321,74,-26.65,15.16,59.97,27.94
52,Narsaq,51,GL,1574567321,53,60.91,-46.05,23.0,6.76
53,Paka,100,CF,1574567322,80,4.15,15.03,67.68,1.1
54,Ribeira Grande,100,PT,1574567322,91,38.52,-28.7,64.11,14.85
55,Tautira,75,PF,1574567323,66,-17.73,-149.15,84.2,4.7
56,Pisco,90,PE,1574567323,88,-13.71,-76.2,68.0,14.99
57,Chokurdakh,80,RU,1574567324,99,70.62,147.9,-25.47,9.26
58,Castro,40,CL,1574567324,100,-42.48,-73.76,50.0,9.17
59,Thompson,90,CA,1574567324,92,55.74,-97.86,21.2,5.82
60,Alta Floresta,78,BR,1574567325,98,-9.87,-56.08,70.84,4.14
61,Puerto Ayora,32,EC,1574567325,81,-0.74,-90.35,70.0,4.0
62,Saskylakh,100,RU,1574567326,100,71.97,114.09,-29.56,0.09
63,Port Alfred,100,ZA,1574567326,81,-33.59,26.89,64.99,1.99
64,Mahebourg,75,MU,1574567327,94,-20.41,57.7,78.01,6.93
65,Stephenville,90,CA,1574567327,86,48.55,-58.59,37.4,14.99
66,Les Cayes,42,HT,1574567328,74,18.19,-73.75,80.96,11.81
67,Port Hedland,62,AU,1574567328,39,-20.31,118.58,96.8,14.99
68,Chuy,0,UY,1574567329,73,-33.69,-53.46,59.86,10.18
69,Sibolga,55,ID,1574567329,64,1.74,98.78,85.21,1.36
70,Fairbanks,90,US,1574567102,92,64.84,-147.72,21.99,1.43
71,Torbay,40,CA,1574567330,79,47.66,-52.73,35.01,14.99
72,Ushuaia,100,AR,1574567330,85,-54.81,-68.31,38.93,6.93
73,Asyut,0,EG,1574567331,66,27.18,31.19,55.53,6.58
74,Vaini,0,IN,1574567331,73,15.34,74.49,71.6,4.7
75,Labuhan,62,ID,1574567332,50,-2.54,115.51,92.5,2.46
76,Cape Town,75,ZA,1574567298,93,-33.93,18.42,61.0,5.82
77,East London,90,ZA,1574567293,93,-33.02,27.91,64.4,9.17
78,Bodden Town,9,KY,1574567173,94,19.28,-81.25,78.01,7.72
79,Ambilobe,99,MG,1574567334,84,-13.19,49.05,77.77,6.04
80,Nikolskoye,55,RU,1574567335,85,59.7,30.79,16.0,2.24
81,Coquimbo,0,CL,1574567313,82,-29.95,-71.34,59.0,4.7
82,Nhulunbuy,0,AU,1574567336,58,-12.18,136.78,87.8,9.17
83,Micheweni,100,TZ,1574567336,79,-4.97,39.83,82.29,4.79
84,Dunedin,3,NZ,1574567248,71,-45.87,170.5,57.0,37.0
85,Zhigansk,100,RU,1574567337,96,66.77,123.37,-18.26,7.02
86,New Norfolk,75,AU,1574567337,30,-42.78,147.06,71.01,14.99
87,Fort Nelson,20,CA,1574567338,92,58.81,-122.69,23.0,3.36
88,Sitka,0,US,1574567338,69,37.17,-99.65,36.0,7.45
89,Souillac,75,FR,1574567339,100,45.6,-0.6,45.0,4.7
90,Uyemskiy,90,RU,1574567339,85,64.47,40.85,23.0,6.71
91,Tucurui,0,BR,1574567339,85,-3.77,-49.67,73.44,3.11
92,Arraial Do Cabo,78,BR,1574567340,91,-22.97,-42.02,73.09,21.3
93,Qaqortoq,57,GL,1574567340,53,60.72,-46.03,23.0,7.0
94,Linjiang,100,CN,1574567225,93,41.81,126.91,24.69,3.29
95,Kahului,20,US,1574567341,57,20.89,-156.47,80.6,17.22
96,Sola,100,TZ,1574567342,91,-3.17,33.8,64.6,4.29
97,Bam,0,IR,1574567342,47,29.11,58.36,43.41,1.63
98,Butaritari,100,KI,1574567342,61,3.07,172.79,83.8,3.38
99,Tarakan,40,ID,1574567343,74,3.3,117.63,87.8,6.93
100,Kavieng,32,PG,1574567343,72,-2.57,150.8,83.07,9.37
101,Eenhana,98,NA,1574567344,72,-17.48,16.34,71.35,5.93
102,Blairmore,40,CA,1574567345,64,49.61,-114.44,39.99,33.33
103,Khatanga,95,RU,1574567345,100,71.98,102.47,-21.96,2.26
104,Oyama,90,JP,1574567345,93,36.31,139.8,69.01,6.93
105,Hamilton,75,CA,1574567209,83,43.26,-79.87,37.99,2.24
106,Gamba,41,CN,1574567346,34,28.28,88.52,31.28,4.7
107,Adrar,0,DZ,1574567347,47,27.87,-0.29,57.2,6.93
108,Aleksandrovsk,100,RU,1574567347,99,59.16,57.56,25.0,7.74
109,Bethel,90,US,1574567265,100,60.79,-161.76,23.0,9.17
110,Bambous Virieux,75,MU,1574567348,94,-20.34,57.76,78.01,6.93
111,Rusape,100,ZW,1574567348,84,-18.53,32.12,66.36,6.89
112,Pahrump,1,US,1574567349,75,36.21,-115.98,51.01,6.93
113,Carnarvon,0,ZA,1574567349,77,-30.97,22.13,51.93,7.23
114,Vao,0,EE,1574567350,60,59.1,26.19,23.31,4.76
115,Makakilo City,20,US,1574567350,65,21.35,-158.09,80.6,10.29
116,Kaitangata,10,NZ,1574567351,65,-46.28,169.85,55.09,32.35
117,Vila Franca Do Campo,75,PT,1574567351,88,37.72,-25.43,68.0,19.46
118,Gizo,0,IL,1574567351,81,31.8,34.94,59.0,1.12
119,Teahupoo,75,PF,1574567352,66,-17.83,-149.27,84.2,4.7
120,Deputatskiy,100,RU,1574567352,93,69.3,139.9,-26.23,4.52
121,Georgetown,20,GY,1574567256,100,6.8,-58.16,75.2,4.7
122,Upernavik,100,GL,1574567353,60,72.79,-56.15,34.32,23.42
123,Tonantins,49,BR,1574567354,95,-2.86,-67.77,74.26,1.99
124,Bredasdorp,23,ZA,1574567354,77,-34.53,20.04,59.0,5.82
125,Mayumba,100,GA,1574567354,81,-3.44,10.65,79.72,11.39
126,Vestmannaeyjar,99,IS,1574567355,72,63.44,-20.27,42.3,14.14
127,Lagoa,25,PT,1574567355,93,37.14,-8.45,53.01,5.82
128,Saint-Pierre,95,FR,1574567356,100,48.95,4.24,39.99,5.82
129,Avarua,100,CK,1574567356,83,-21.21,-159.78,77.0,8.05
130,Aklavik,20,CA,1574567357,77,68.22,-135.01,-0.4,3.36
131,Dogondoutchi,0,NE,1574567357,15,13.64,4.03,80.65,6.78
132,Homer,90,US,1574567357,59,59.64,-151.54,37.0,14.99
133,Truth Or Consequences,1,US,1574567358,57,33.13,-107.25,48.2,4.7
134,Touros,40,BR,1574567358,78,-5.2,-35.46,78.8,3.36
135,Hilo,90,US,1574567261,88,19.71,-155.08,73.4,6.93
136,Tomatlan,46,MX,1574567359,97,19.93,-105.25,70.86,1.61
137,Vila Velha,75,BR,1574567360,78,-3.71,-38.6,86.0,8.05
138,Kahta,23,TR,1574567360,39,37.78,38.62,44.6,5.82
139,Kyzyl-Suu,100,KG,1574567360,69,42.34,78.0,31.55,11.12
140,Ossora,100,RU,1574567361,88,59.24,163.07,20.26,2.71
141,Ust-Maya,100,RU,1574567362,91,60.42,134.54,-17.05,5.46
142,Toora-Khem,71,RU,1574567363,80,52.47,96.11,-1.68,2.44
143,Mount Isa,40,AU,1574567407,13,-20.73,139.49,100.4,9.17
144,Avera,75,US,1574567354,82,33.19,-82.53,62.6,6.93
145,Panzhihua,89,CN,1574567407,55,26.59,101.72,64.0,1.01
146,Saint George,75,GR,1574567115,93,39.45,22.34,53.6,4.7
147,Dubbo,70,AU,1574567408,33,-32.25,148.6,87.8,12.75
148,Husavik,67,CA,1574567409,80,50.56,-96.99,39.0,8.99
149,Tulun,100,RU,1574567409,70,54.56,100.58,13.1,6.62
150,Nelson Bay,75,AU,1574567409,68,-32.72,152.14,72.0,3.13
151,Kavaratti,20,IN,1574567409,74,10.57,72.64,86.0,4.7
152,Geraldton,90,CA,1574567410,92,49.72,-86.95,30.2,4.7
153,Kano,0,NG,1574567410,22,11.99,8.53,75.96,4.52
154,Srednekolymsk,100,RU,1574567410,97,67.46,153.71,-18.27,3.89
155,Kalmunai,100,LK,1574567411,75,7.42,81.82,83.7,13.96
156,Tateyama,75,JP,1574567411,52,36.66,137.31,68.0,4.7
157,Wanning,8,AT,1574567412,87,48.64,13.53,46.99,9.17
158,Beyneu,0,KZ,1574567412,65,45.32,55.19,21.22,6.71
159,Bereda,20,ES,1574567412,87,43.27,-7.54,48.99,6.93
160,Cherskiy,18,RU,1574567413,92,68.75,161.3,-28.32,3.6
161,Dwarka,40,IN,1574567413,68,28.58,77.04,66.2,5.82
162,Pevek,100,RU,1574567413,100,69.7,170.27,-16.04,7.87
163,Bonavista,96,CA,1574567414,89,48.65,-53.11,34.0,1.01
164,Hare Bay,20,CA,1574567414,92,48.86,-53.99,30.2,8.05
165,Tirat Karmel,9,IL,1574567414,45,32.76,34.97,61.0,3.0
166,Isangel,75,VU,1574567414,61,-19.55,169.27,80.6,18.34
167,Monticello,1,US,1574567415,86,40.03,-88.57,35.6,8.05
168,Sao Felix Do Xingu,83,BR,1574567415,98,-6.64,-51.99,68.11,2.53
169,Westport,90,US,1574567416,58,41.14,-73.36,45.0,8.05
170,Broome,98,GB,1574567416,100,52.47,1.45,46.99,4.81
171,Suoyarvi,100,RU,1574567416,66,62.08,32.35,22.84,4.61
172,Dingle,17,PH,1574567417,80,11.0,122.67,83.53,11.43
173,Singaparna,97,ID,1574567417,69,-7.35,108.11,79.88,4.54
174,Kungurtug,73,RU,1574567417,68,50.6,97.53,-2.56,2.55
175,Batagay-Alyta,27,RU,1574567417,69,67.8,130.41,-31.4,2.8
176,Kitui,98,KE,1574567418,90,-1.37,38.02,65.37,5.12
177,Lompoc,1,US,1574567418,66,34.64,-120.46,64.4,3.36
178,Alexandria,100,RO,1574567208,99,43.97,25.33,37.0,1.01
179,Kidal,0,ML,1574567419,14,18.44,1.41,71.98,9.46
180,Lima,90,PE,1574567145,88,-12.06,-77.04,68.0,14.99
181,Necochea,0,AR,1574567419,92,-38.55,-58.74,52.0,7.0
182,Nizwa,0,OM,1574567419,82,22.93,57.53,60.01,0.65
183,Arklow,90,IE,1574567420,100,52.79,-6.14,46.0,5.82
184,Soverato,40,IT,1574567420,77,38.69,16.55,62.6,14.99
185,Atuona,1,PF,1574567420,78,-9.8,-139.03,79.36,17.29
186,Cabo San Lucas,5,MX,1574567363,82,22.89,-109.91,71.01,6.93
187,Sobolevo,100,RU,1574567421,38,54.43,31.9,22.23,9.66
188,Mehamn,100,NO,1574567421,88,71.03,27.85,36.09,14.79
189,Mizan Teferi,100,ET,1574567421,99,6.99,35.58,62.73,1.79
190,Waipawa,0,NZ,1574567422,54,-39.94,176.59,75.99,8.01
191,Praia Da Vitoria,20,PT,1574567422,94,38.73,-27.07,68.0,15.37
192,Campo Verde,75,PE,1574567422,88,-8.47,-74.81,71.6,5.82
193,Tuktoyaktuk,90,CA,1574567422,85,69.44,-133.03,10.4,5.82
194,La Paz,5,MX,1574567423,72,24.15,-110.32,68.0,12.59
195,Yumen,0,CN,1574567423,21,40.29,97.04,16.16,22.55
196,Port Hardy,90,CA,1574567423,93,50.7,-127.42,48.2,9.17
197,Bauchi,0,NG,1574567424,29,10.31,9.85,71.6,2.91
198,Faanui,74,PF,1574567424,77,-16.48,-151.75,81.7,12.01
199,Alofi,83,NU,1574567424,94,-19.06,-169.92,77.0,4.7
200,Hami,0,CN,1574567425,14,42.84,93.51,27.19,3.76
201,Shingu,75,JP,1574567425,72,33.72,135.99,68.0,3.36
202,Ust-Omchug,100,RU,1574567426,98,61.13,149.63,-5.22,10.94
203,Los Llanos De Aridane,1,ES,1574567426,72,28.66,-17.92,66.2,4.7
204,Lebu,75,ET,1574567426,100,8.96,38.73,55.4,2.24
205,Chengde,12,CN,1574567426,20,40.97,117.93,27.57,15.23
206,Ilulissat,100,GL,1574567427,59,69.22,-51.1,37.4,20.8
207,Olinda,0,AU,1574567427,37,-37.84,145.39,79.0,8.05
208,Tasiilaq,3,GL,1574567427,67,65.61,-37.64,21.2,4.7
209,Sindi,45,EE,1574567428,61,58.41,24.66,28.0,4.0
210,Qaanaaq,100,GL,1574567428,66,77.48,-69.36,11.5,8.84
211,Kirakira,75,SB,1574567428,80,-10.46,161.92,79.83,7.07
212,Wattegama,87,LK,1574567429,75,7.35,80.68,79.27,1.86
213,Ishigaki,75,JP,1574567429,78,24.34,124.16,80.6,9.17
214,Fortuna,1,US,1574567430,100,40.6,-124.16,46.99,3.36
215,Jamestown,0,AU,1574567430,12,-33.21,138.6,82.76,9.98
216,Puri,58,ID,1574567431,37,-7.54,112.45,95.23,3.51
217,Mahibadhoo,89,MV,1574567431,78,3.78,72.97,83.39,13.67
218,Kargasok,100,RU,1574567431,95,59.06,80.87,8.96,6.17
219,Tecoanapa,40,MX,1574567432,83,16.99,-99.26,80.6,0.31
220,Teseney,0,ER,1574567432,56,15.11,36.66,74.8,7.11
221,Atar,0,MR,1574567432,46,20.52,-13.05,66.52,8.34
222,Sur,0,OM,1574567432,68,22.57,59.53,71.83,8.55
223,Mandalgovi,0,MN,1574567433,33,45.76,106.27,7.5,16.49
224,Wanaka,0,NZ,1574567433,36,-44.7,169.14,60.93,7.83
225,Malmesbury,90,GB,1574567376,100,51.58,-2.1,48.99,3.36
226,Barinitas,31,VE,1574567434,96,8.76,-70.41,50.18,1.74
227,Ostrovnoy,100,RU,1574567434,93,68.05,39.51,26.35,16.33
228,Kaya,0,NG,1574567434,23,13.31,12.68,76.91,8.46
229,Usinsk,99,RU,1574567435,98,66.0,57.56,26.94,4.72
230,Pangkalanbuun,91,ID,1574567435,79,-2.68,111.62,84.33,1.7
231,Marmarion,75,GR,1574567435,93,38.05,24.32,60.01,4.7
232,Port Elizabeth,90,US,1574567436,93,39.31,-74.98,52.0,6.93
233,Roald,100,NO,1574567436,86,62.58,6.12,41.0,4.7
234,Mezen,80,RU,1574567437,92,65.85,44.24,21.87,9.73
235,Port Augusta,0,AU,1574567437,41,-32.49,137.76,77.0,11.41
236,Magole,75,TZ,1574567437,100,-6.37,37.37,71.6,2.64
237,Suluq,28,LY,1574567438,67,31.67,20.25,60.57,16.87
238,Sumbe,100,AO,1574567438,82,-11.2,13.84,73.27,0.63
239,Saint-Georges,3,CA,1574567241,78,46.12,-70.67,30.99,1.99
240,Vagur,100,FO,1574567439,95,61.47,-6.81,46.49,20.45
241,Tortoli,20,IT,1574567439,81,39.93,9.66,53.6,9.17
242,Kalabo,100,ZM,1574567439,88,-15.0,22.67,68.31,3.31
243,Pointe Michel,70,DM,1574567440,77,15.25,-61.38,81.84,13.69
244,Clyde River,1,CA,1574567440,73,70.47,-68.59,26.6,13.87
245,Auriflama,100,BR,1574567440,82,-20.68,-50.56,74.91,3.47
246,Rocha,23,UY,1574567440,87,-34.48,-54.34,51.35,4.81
247,Morrope,75,PE,1574567441,29,-6.54,-80.02,66.2,9.17
248,Marathon,100,CA,1574567441,83,48.72,-86.38,37.33,11.18
249,Dakar,3,SN,1574567442,88,14.69,-17.45,73.4,9.17
250,Pitimbu,20,BR,1574567442,83,-7.47,-34.81,77.0,3.36
251,Shaoguan,0,CN,1574567442,42,24.81,113.59,78.4,1.21
252,Bintulu,75,MY,1574567442,74,3.17,113.03,87.8,4.7
253,Alice Springs,38,AU,1574567443,9,-23.7,133.88,91.4,12.75
254,Narrabri,100,AU,1574567443,37,-30.33,149.78,84.2,8.05
255,Karratha,54,AU,1574567443,48,-20.74,116.85,87.19,12.46
256,Eureka,1,US,1574567443,100,40.8,-124.16,46.99,3.36
257,Dillon,1,US,1574567444,59,45.22,-112.64,34.0,10.29
258,Shetpe,0,KZ,1574567444,36,44.14,52.16,21.36,4.38
259,Luzhou,96,CN,1574567445,71,28.89,105.45,56.46,6.58
260,Hovd,0,NO,1574567445,87,63.83,10.7,44.01,12.75
261,Samarai,0,PG,1574567445,56,-10.62,150.67,84.04,11.45
262,Iquitos,75,PE,1574567342,94,-3.75,-73.25,71.6,1.12
263,Cravo Norte,9,CO,1574567446,87,6.3,-70.2,76.71,3.98
264,Halifax,5,CA,1574567446,68,44.65,-63.58,34.0,19.46
265,Panaba,0,MX,1574567446,81,21.28,-88.27,73.89,4.7
266,Kyabe,96,TD,1574567447,32,9.45,18.94,71.69,3.38
267,Christchurch,100,NZ,1574567211,64,-43.53,172.64,82.99,18.34
268,Jaypur,13,IN,1574567447,54,23.05,87.44,74.19,2.86
269,Yermakovskoye,97,RU,1574567447,84,53.28,92.4,4.68,3.8
270,Chapais,90,CA,1574567448,92,49.78,-74.86,28.4,8.05
271,Te Anau,23,NZ,1574567448,63,-45.41,167.72,53.33,8.86
272,Dzierzoniow,20,PL,1574567448,86,50.73,16.65,48.99,10.29
273,Baykit,100,RU,1574567449,96,61.68,96.39,2.59,3.49
274,Jumla,28,NP,1574567449,35,29.28,82.18,48.43,1.81
275,Saldanha,26,PT,1574567449,97,41.42,-6.55,38.93,5.73
276,Lasa,20,CY,1574567449,58,34.92,32.53,57.2,8.05
277,Oranjemund,0,ZA,1574567450,88,-28.55,16.43,54.27,4.72
278,Innisfail,0,AU,1574567450,37,-17.52,146.03,87.01,3.0
279,Sao Filipe,57,CV,1574567450,79,14.9,-24.5,71.89,14.52
280,Axim,0,GH,1574567450,94,4.87,-2.24,75.94,1.74
281,Kodiak,1,US,1574567451,86,39.95,-94.76,36.0,8.05
282,Tiksi,91,RU,1574567451,92,71.64,128.87,-24.25,5.95
283,Lake City,1,US,1574567452,86,38.03,-107.32,28.99,4.7
284,Rioja,100,PE,1574567452,99,-6.06,-77.17,65.79,0.58
285,College,90,US,1574567453,92,64.86,-147.8,24.8,1.14
286,Jackson,1,US,1574567304,85,43.48,-110.76,28.0,2.73
287,Talnakh,24,RU,1574567453,83,69.49,88.39,-13.0,2.24
288,Ankang,100,CN,1574567454,84,32.73,108.99,42.04,1.1
289,Severo-Kurilsk,99,RU,1574567454,99,50.68,156.12,35.26,11.12
290,Port Alberni,40,CA,1574567454,87,49.24,-124.81,54.0,23.04
291,Buraydah,0,SA,1574567455,93,26.33,43.97,55.4,5.82
292,Korsakov,75,RU,1574567455,87,46.63,142.78,42.8,4.47
293,Cidreira,22,BR,1574567455,63,-30.17,-50.22,66.27,14.54
294,Tuatapere,6,NZ,1574567455,61,-46.13,167.69,59.0,21.99
295,Santa Lucia,75,IT,1574567456,82,41.98,12.66,57.99,16.11
296,Purwodadi,40,ID,1574567456,62,-7.08,110.92,93.0,5.82
297,Chirongui,20,YT,1574567457,88,-12.93,45.15,82.4,4.7
298,Smithers,90,CA,1574567457,98,54.78,-127.17,32.0,3.36
299,Anadyr,20,RU,1574567457,76,64.73,177.51,-11.2,8.95
300,Nanortalik,0,GL,1574567457,64,60.14,-45.24,33.87,7.74
301,Paoua,66,CF,1574567458,42,7.24,16.43,69.22,3.29
302,Severnoye,25,RU,1574567458,87,54.09,52.54,12.72,6.17
303,New Ulm,1,US,1574567458,86,44.31,-94.46,37.4,8.05
304,Yanam,20,IN,1574567458,74,16.73,82.22,82.4,8.05
305,Yerbogachen,100,RU,1574567459,96,61.28,108.01,-3.91,6.55
306,Mayor Pablo Lagerenza,28,PY,1574567459,82,-19.93,-60.77,76.3,4.9
307,Japura,43,ID,1574567460,60,-0.42,102.29,86.49,3.24
308,Vung Tau,44,VN,1574567460,68,10.35,107.08,84.88,3.04
309,Ziro,20,IN,1574567460,88,27.54,93.82,69.8,2.24
310,Sechura,93,PE,1574567460,84,-5.56,-80.82,67.03,8.81
311,Carauari,100,BR,1574567461,96,-4.88,-66.9,72.43,1.5
312,Rawson,100,AR,1574567461,53,-43.3,-65.11,62.46,31.12
313,Shaoyang,23,CN,1574567462,58,27.23,111.45,69.75,11.03
314,Miandrivazo,74,MG,1574567462,68,-19.53,45.46,78.01,3.36
315,Mathbaria,0,BD,1574567318,66,22.29,89.96,74.34,4.27
316,Kralendijk,0,BQ,1574567462,78,12.15,-68.27,78.8,5.82
317,Saint-Augustin,20,CA,1574567463,80,45.63,-73.98,32.0,3.36
318,Adjuntas,20,PR,1574567463,84,18.16,-66.72,79.0,8.66
319,Riberalta,78,BO,1574567463,95,-11.0,-66.08,72.09,1.59
320,Nijar,2,ES,1574567464,47,36.97,-2.21,57.99,6.93
321,Kilrush,40,IE,1574567464,93,51.96,-8.06,46.99,3.36
322,Ixtapa,5,MX,1574567464,83,20.71,-105.21,78.8,2.24
323,Rantepao,17,ID,1574567464,51,-2.97,119.9,83.68,4.12
324,Paamiut,94,GL,1574567465,65,61.99,-49.67,33.51,10.18
325,Kuzovatovo,0,RU,1574567465,36,53.54,47.69,18.07,5.86
326,Kieta,99,PG,1574567465,64,-6.22,155.63,86.32,7.7
327,Cavan,31,IE,1574567466,90,53.99,-7.36,46.0,0.58
328,Nador,62,MA,1574567466,67,35.17,-2.93,60.8,19.46
329,Sinnamary,5,GF,1574567467,83,5.38,-52.96,81.59,16.13
330,Prince Rupert,90,CA,1574567467,87,54.32,-130.32,44.6,16.11
331,Santa Maria,75,BR,1574567467,88,-16.02,-48.01,69.8,3.36
332,Iqaluit,90,CA,1574567468,73,63.75,-68.52,26.6,11.41
333,Tongliao,34,CN,1574567468,26,43.61,122.27,20.34,15.03
334,Broken Hill,0,AU,1574567468,19,-31.97,141.45,80.6,8.05
335,Lara,98,PE,1574567468,71,-16.45,-71.53,55.4,2.24
336,Kholm-Zhirkovskiy,100,RU,1574567469,39,55.52,33.47,22.23,6.04
337,Khovu-Aksy,100,RU,1574567470,86,51.13,93.72,-0.72,9.91
338,Nisia Floresta,40,BR,1574567470,74,-6.09,-35.21,78.8,9.17
339,Valle De Allende,58,MX,1574567470,60,26.94,-105.39,52.07,1.3
340,Rawicz,20,PL,1574567470,86,51.61,16.87,42.01,10.29
341,Cayenne,20,GF,1574567471,94,4.94,-52.33,75.2,2.24
342,Kabompo,66,ZM,1574567471,97,-13.6,24.21,61.68,3.83
343,Surgut,86,RU,1574567471,83,61.25,73.4,-4.0,8.95
344,Longyearbyen,90,NO,1574567472,85,78.22,15.63,19.4,9.17
345,Ola,100,RU,1574567472,85,59.58,151.3,28.27,32.3
346,Taoudenni,0,ML,1574567472,41,22.68,-3.98,64.31,5.73
347,Mokhsogollokh,100,RU,1574567473,91,61.4,128.95,-10.23,6.93
348,Lagos,40,NG,1574567194,94,6.46,3.39,78.8,2.24
349,Jacareacanga,44,BR,1574567473,94,-6.22,-57.76,72.64,2.57
350,Pristen,0,RU,1574567474,72,51.24,36.69,15.8,8.95
351,Nouakchott,0,MR,1574567474,67,18.08,-15.98,60.8,6.93
352,Inhambane,75,MZ,1574567475,100,-23.87,35.38,80.6,11.41
353,Vanimo,100,PG,1574567475,74,-2.67,141.3,83.93,11.12
354,Pokhara,79,NP,1574567475,70,28.21,83.99,66.83,0.25
355,Oktyabrskiy,99,RU,1574567475,85,55.61,37.97,21.0,4.47
356,Reitz,12,ZA,1574567476,97,-27.8,28.43,54.72,7.9
357,Moshenskoye,100,RU,1574567476,40,58.52,34.59,25.12,6.13
358,Abay,0,KZ,1574567476,83,49.63,72.87,-4.0,2.24
359,Ormara,0,PK,1574567477,63,25.21,64.64,75.67,5.39
360,Grand Gaube,75,MU,1574567195,94,-20.01,57.66,78.01,6.93
361,Namibe,31,AO,1574567477,69,-15.19,12.15,71.38,8.01
362,Luchegorsk,100,RU,1574567477,69,46.44,134.3,23.74,8.16
363,Seymchan,100,RU,1574567478,96,62.93,152.39,-13.74,13.24
364,Akhalgori,90,GE,1574567478,86,42.13,44.48,33.8,2.24
365,Eyl,22,SO,1574567479,79,7.98,49.82,80.92,23.51
366,Salalah,20,OM,1574567479,36,17.01,54.1,77.0,11.41
367,Maceio,6,BR,1574567479,88,-9.67,-35.74,73.4,3.36
368,Saint-Leu,90,RE,1574567479,78,-21.15,55.28,78.8,3.36
369,Ancud,40,CL,1574567480,100,-41.87,-73.83,50.0,9.17
370,Orange Cove,1,US,1574567480,66,36.62,-119.31,59.0,3.96
371,Hastings,3,NZ,1574567219,85,-39.64,176.84,62.65,7.76
372,Rosetta,0,EG,1574567481,78,31.4,30.42,64.0,7.61
373,Primorsk,20,RU,1574567481,59,60.37,28.62,16.0,9.17
374,Zapolyarnyy,76,RU,1574567481,93,69.43,30.82,32.0,26.4
375,Comodoro Rivadavia,100,AR,1574567481,59,-45.87,-67.48,66.2,10.29
376,Nago,75,IT,1574567404,87,45.88,10.89,55.0,5.82
377,Amapa,20,HN,1574567482,88,15.09,-87.97,77.0,4.7
378,Waingapu,0,ID,1574567483,71,-9.65,120.26,82.58,5.55
379,Basar,20,IN,1574567483,83,27.98,94.69,71.6,3.36
380,Pangody,13,RU,1574567483,99,65.85,74.49,-11.31,5.64
381,Sabang,100,PH,1574567484,64,13.8,121.11,86.05,8.23
382,Turukhansk,0,RU,1574567484,88,65.8,87.96,-16.74,3.96
383,Ballina,39,IE,1574567484,96,54.11,-9.15,43.0,1.01
384,Gold Coast,0,AU,1574567484,50,-28.0,153.41,89.01,17.22
385,Monrovia,75,LR,1574567485,94,6.33,-10.8,77.0,6.11
386,Sangar,98,RU,1574567485,98,63.92,127.47,-23.87,1.32
387,Kaeo,0,NZ,1574567486,63,-35.1,173.78,79.0,8.1
388,Puerto Del Rosario,90,ES,1574567486,77,28.5,-13.86,68.0,8.05
389,Matara,100,BI,1574567486,97,-3.48,29.48,55.74,1.5
390,Whitehorse,90,CA,1574567487,95,60.72,-135.06,32.0,8.05
391,Oshawa,90,CA,1574567475,87,43.92,-78.86,37.0,2.24
392,Maniitsoq,100,GL,1574567487,97,65.42,-52.9,32.36,26.73
393,Saint Anthony,1,US,1574567488,73,43.97,-111.68,28.4,4.9
394,Katsuura,75,JP,1574567488,77,33.93,134.5,66.0,2.24
395,Margate,75,AU,1574567489,30,-43.03,147.26,71.01,14.99
396,Genhe,13,CN,1574567489,76,50.78,121.52,-2.49,4.63
397,Russell,1,US,1574567489,74,38.9,-98.86,37.4,10.29
398,Hue,20,VN,1574567489,62,16.47,107.58,84.2,3.36
399,Guerrero Negro,100,MX,1574567490,63,27.97,-114.04,66.87,3.22
400,Santa Helena,36,BR,1574567490,94,-2.23,-45.3,72.95,2.08
401,Jiuquan,0,CN,1574567490,38,39.73,98.49,19.22,5.91
402,Bukama,100,CD,1574567491,98,-9.2,25.85,69.22,3.74
403,Yinchuan,0,CN,1574567491,18,38.48,106.21,22.53,6.02
404,Beringovskiy,0,RU,1574567491,86,63.05,179.32,6.53,13.38
405,Najran,40,SA,1574567491,71,17.54,44.22,55.4,2.24
406,Port-Cartier,20,CA,1574567492,85,50.03,-66.88,21.2,3.36
407,Portland,1,US,1574567252,57,43.66,-70.25,33.01,16.51
408,Antofagasta,90,CL,1574567492,77,-23.65,-70.4,66.2,9.17
409,Bathsheba,40,BB,1574567492,78,13.22,-59.52,82.4,12.75
410,Shevchenkove,0,UA,1574567493,67,49.7,37.18,21.2,15.66
411,Hofn,100,IS,1574567493,90,64.25,-15.21,45.64,22.66
412,Flin Flon,50,CA,1574567493,89,54.77,-101.88,32.74,9.95
413,Challans,16,FR,1574567494,100,46.85,-1.88,43.0,5.82
414,Talagang,100,PK,1574567494,52,32.92,72.41,59.94,0.98
415,Egvekinot,0,RU,1574567495,78,66.32,-179.17,-8.77,3.2
416,Salaya,5,IN,1574567495,66,22.31,69.6,79.02,15.08
417,Hede,100,SE,1574567495,93,60.45,15.49,36.0,3.36
418,Evensk,100,RU,1574567495,95,61.92,159.24,8.47,8.7
419,Erdenet,1,MN,1574567496,78,49.03,104.04,-4.47,4.18
420,Mena,87,UA,1574567496,39,51.52,32.22,21.2,10.49
421,Magadan,100,RU,1574567496,94,59.56,150.8,29.55,31.83
422,Kenai,1,US,1574567496,59,60.55,-151.26,33.8,8.05
423,Santa Paula,1,US,1574567497,51,34.35,-119.06,68.0,3.36
424,Poya,46,NC,1574567497,76,-21.35,165.16,72.05,23.64
425,Itoman,75,JP,1574567497,88,26.12,127.67,80.6,9.17
426,Havoysund,98,NO,1574567498,86,71.0,24.66,37.4,19.46
427,Dehloran,26,IR,1574567499,35,32.69,47.27,53.33,0.92
428,Hasaki,75,JP,1574567499,100,35.73,140.83,66.2,4.7
429,Boffa,0,GN,1574567499,87,10.18,-14.04,77.45,2.57
430,Sirajganj,95,BD,1574567500,53,24.46,89.71,74.46,3.24
431,Nanakuli,90,US,1574567500,78,21.39,-158.15,80.6,4.7
432,Nome,1,US,1574567500,81,30.04,-94.42,55.0,3.36
433,Vostok,100,RU,1574567500,82,46.45,135.83,19.53,7.4
434,Limon,1,US,1574567501,85,39.26,-103.69,39.99,5.82
435,Young,0,UY,1574567501,61,-32.7,-57.63,64.99,10.0
436,Sayyan,26,YE,1574567501,76,15.17,44.32,51.4,1.39
437,Berlevag,95,NO,1574567501,88,70.86,29.09,39.31,20.45
438,Muncar,36,ID,1574567502,76,-8.43,114.34,81.82,6.35
439,Quatre Cocos,75,MU,1574567502,94,-20.21,57.76,78.01,6.93
440,Abu Kamal,95,SY,1574567503,37,34.45,40.92,52.5,2.13
441,Great Yarmouth,98,GB,1574567503,100,52.61,1.73,46.99,4.81
442,Nunoa,40,PE,1574567503,85,-14.48,-70.64,40.26,5.82
443,Hambantota,75,LK,1574567503,100,6.12,81.12,77.0,8.05
444,San Quintin,96,PH,1574567504,64,17.54,120.52,84.63,4.41
445,Yar-Sale,0,RU,1574567504,88,66.83,70.83,-11.56,3.69
446,Panguna,92,PG,1574567504,72,-6.32,155.48,78.03,5.86
447,Meadow Lake,65,CA,1574567505,79,54.13,-108.44,34.05,12.01
448,Clovis,1,US,1574567298,66,36.83,-119.7,55.99,3.36
449,Bujumbura,100,BI,1574567505,97,-3.36,29.37,55.74,1.5
450,Dawson,1,US,1574567506,91,39.85,-89.46,35.6,12.75
451,Tilichiki,34,RU,1574567506,80,60.47,166.1,0.18,8.61
452,Bilma,0,NE,1574567506,20,18.69,12.92,72.99,6.46
453,Itarema,98,BR,1574567506,87,-2.92,-39.92,77.11,6.51
454,Calama,70,CL,1574567507,32,-22.46,-68.93,53.6,4.7
455,Hualmay,100,PE,1574567507,84,-11.1,-77.61,62.44,4.76
456,Trebinje,20,HR,1574567507,93,42.71,18.35,55.4,1.12
457,Buchanan,75,LR,1574567507,94,5.88,-10.05,77.0,2.53
458,Emiliano Zapata,2,MX,1574567508,77,20.23,-89.47,72.46,2.37
459,Nalut,34,LY,1574567508,73,31.86,10.98,54.41,5.79
460,Kachug,100,RU,1574567508,79,53.96,105.89,6.08,4.05
461,Opuwo,0,NA,1574567509,38,-18.06,13.84,65.21,4.43
462,Mecca,2,SA,1574567323,68,21.43,39.83,72.91,1.63
463,Poum,31,MK,1574567509,93,41.28,20.71,39.2,4.7
464,Itamaraca,40,BR,1574567509,74,-7.75,-34.83,80.6,5.82
465,Vardo,90,US,1574567510,93,39.62,-77.74,37.99,5.86
466,George,98,MW,1574567510,87,-15.35,34.83,72.75,2.04
467,Velikiy Novgorod,100,RU,1574567510,39,58.52,31.28,28.17,7.87
468,Nioro,0,GM,1574567510,26,13.79,-15.05,76.01,6.71
469,Kamaishi,75,JP,1574567511,100,39.28,141.86,53.6,2.24
470,Kutum,3,SD,1574567511,28,14.2,24.66,60.69,4.74
471,Balkhash,7,KZ,1574567511,92,46.84,74.98,15.8,2.24
472,Noumea,27,NC,1574567512,45,-22.28,166.46,82.4,19.46
473,Khowai,21,IN,1574567512,73,24.08,91.6,77.0,1.95
474,Ambulu,93,ID,1574567512,85,-8.35,113.61,80.06,9.15
475,Lazaro Cardenas,5,MX,1574567512,61,28.39,-105.62,53.01,4.7
476,Blagoyevo,93,RU,1574567513,95,63.37,47.92,11.91,4.45
477,Diosjeno,0,HU,1574567513,86,47.94,19.04,41.0,11.41
478,Kiruna,1,SE,1574567513,100,67.86,20.23,30.2,6.93
479,Puerto Escondido,40,MX,1574567513,74,15.86,-97.07,78.8,6.93
480,Port Hawkesbury,75,CA,1574567514,71,45.62,-61.36,34.0,17.22
481,Komsomolskiy,0,RU,1574567514,91,67.55,63.78,3.67,5.39
482,Honiara,20,SB,1574567514,66,-9.43,159.96,87.8,8.05
483,Lodja,100,CD,1574567515,97,-3.52,23.6,65.08,0.76
484,Luau,99,CD,1574567515,97,-10.7,22.23,63.14,4.81
485,Constitucion,5,MX,1574567515,22,23.99,-104.67,57.2,5.82
486,Akhtubinsk,0,RU,1574567515,87,48.29,46.17,19.29,6.46
487,Sorland,100,NO,1574567516,93,67.67,12.69,44.78,19.75
488,Abbeville,40,FR,1574567516,93,50.11,1.83,46.99,5.82
489,Lubao,100,CD,1574567516,98,-5.39,25.75,66.07,0.69
490,Hanzhong,100,CN,1574567517,90,33.08,107.03,39.69,1.12
491,Zhaoyuan,0,CN,1574567517,43,45.52,125.08,15.37,12.3
492,Enderby,90,CA,1574567517,91,50.55,-119.14,43.0,9.17
493,Muisne,100,EC,1574567517,84,0.61,-80.02,76.03,5.93
494,Byron Bay,0,AU,1574567518,50,-28.65,153.62,87.8,17.22
495,Nizhniy Tsasuchey,0,RU,1574567518,61,50.52,115.13,6.12,14.58
496,Nouadhibou,0,MR,1574567519,82,20.93,-17.03,66.2,16.11
497,Gwadar,0,PK,1574567519,49,25.12,62.33,71.53,13.13
498,Aykhal,95,RU,1574567519,67,65.95,111.51,-27.4,2.24
499,Chicama,75,PE,1574567520,88,-7.84,-79.15,66.2,9.17
500,Shangzhi,100,CN,1574567520,49,45.21,127.96,19.74,10.2
501,Fonte Boa,79,BR,1574567520,97,-2.51,-66.09,74.75,1.86
502,Fukue,75,JP,1574567521,60,35.03,136.69,68.0,3.36
503,Takoradi,0,GH,1574567521,83,4.89,-1.75,80.38,6.44
504,Neuquen,21,AR,1574567521,49,-38.95,-68.06,69.8,11.43
505,Tessalit,0,ML,1574567521,9,20.2,1.01,65.14,4.68
506,Upata,11,VE,1574567522,97,8.02,-62.41,71.01,2.89
507,Dongen,90,NL,1574567522,100,51.62,4.94,41.0,1.12
508,Alyangula,33,AU,1574567522,55,-13.85,136.42,91.4,12.75
509,Tromso,75,NO,1574567522,86,69.65,18.96,37.4,8.05
510,Norman Wells,20,CA,1574567523,84,65.28,-126.83,3.2,3.36
511,Novorudnyy,0,RU,1574567523,78,51.5,58.19,12.2,13.42
512,Cockburn Town,28,TC,1574567523,68,21.46,-71.14,79.36,15.93
513,Takapau,0,NZ,1574567524,54,-40.02,176.35,75.99,8.01
514,Solnechnyy,97,RU,1574567524,79,50.72,136.64,10.85,3.69
515,Carutapera,90,BR,1574567525,82,-1.2,-46.02,81.12,13.91
516,Shache,97,CN,1574567525,98,38.42,77.24,39.0,7.85
517,Fuyu,0,CN,1574567526,68,47.79,124.46,9.19,6.11
518,Vila Do Maio,40,CV,1574567526,78,15.13,-23.22,71.6,12.75
519,Port Lincoln,0,AU,1574567526,23,-34.72,135.86,76.69,1.1
520,Lisakovsk,0,KZ,1574567526,93,52.55,62.49,6.94,8.9
521,Wamba,100,CD,1574567527,99,2.14,27.99,63.43,1.72
522,Kontagora,0,NG,1574567527,31,10.4,5.47,76.03,2.28
523,Shwebo,0,MM,1574567527,69,22.57,95.7,74.59,4.36
524,Kibala,95,TD,1574567527,88,9.11,18.35,68.0,3.8
525,Virden,0,CA,1574567528,77,49.85,-100.93,36.18,14.2
526,Faya,75,SA,1574567528,93,18.39,42.45,57.2,3.27
527,Shelburne,1,CA,1574567528,92,44.08,-80.2,35.6,6.4
528,Endicott,90,US,1574567529,55,42.1,-76.05,37.4,10.29
529,Tazmalt,40,DZ,1574567529,76,36.39,4.4,51.8,10.29
530,Kissidougou,8,GN,1574567529,72,9.19,-10.1,67.5,3.94
531,Salym,100,RU,1574567530,95,60.06,71.48,16.77,7.65
532,Pyapon,15,MM,1574567530,65,16.29,95.68,80.76,3.49
533,Kaduna,22,NG,1574567530,29,10.52,7.44,71.71,2.62
534,Walvis Bay,0,NA,1574567530,87,-22.95,14.51,57.0,4.7
535,Laguna,2,BZ,1574567531,94,16.17,-88.94,75.2,1.34
536,Waitati,3,NZ,1574567531,72,-45.75,170.57,57.99,38.99
537,Balakirevo,100,RU,1574567531,38,56.51,38.84,21.69,9.24
538,Ust-Kulom,100,RU,1574567532,95,61.69,53.69,24.53,4.76
539,Dharchula,100,IN,1574567532,26,29.85,80.53,47.41,6.98
540,Mayo,75,CA,1574567532,77,63.59,-135.9,1.4,2.24
541,Cimarron Hills,1,US,1574567532,36,38.86,-104.7,39.0,10.29
542,Blythe,1,US,1574567533,62,33.61,-114.59,57.2,10.29
543,Zhanaozen,0,KZ,1574567533,43,43.35,52.85,20.59,2.86
544,Coxim,78,BR,1574567533,67,-18.5,-54.75,77.11,5.37
545,Bhigvan,0,IN,1574567534,56,18.32,74.77,70.12,5.95
546,Aripuana,100,BR,1574567534,98,-9.17,-60.63,72.16,0.83
547,Jinxiang,100,CN,1574567534,59,35.07,116.31,55.36,19.95
548,Garden City,51,US,1574567534,69,43.62,-116.24,39.99,3.31
549,Maningrida,0,AU,1574567535,48,-12.05,134.23,91.27,14.14
550,Koslan,76,RU,1574567535,96,63.46,48.9,13.17,4.36
551,Manama,0,AE,1574567535,87,25.33,56.02,69.8,4.7
552,Marshall,1,US,1574567535,86,39.12,-93.2,37.99,4.7
553,Hirado,75,JP,1574567536,93,33.32,129.49,66.99,3.36
554,Consett,75,GB,1574567536,100,54.85,-1.83,48.2,4.7
